,^N225,^GSPC/JPY,BTC/JPY
2020-01-31,23205.1796875,,
2020-02-03,22971.939453125,352091.95512749255,1007157.525619939
2020-02-04,23084.58984375,358157.85301582515,997162.7369936705
2020-02-05,23319.560546875,364971.80533582345,1052160.38422139
2020-02-06,23873.58984375,367413.49814350717,1068468.4793315604
2020-02-07,23827.98046875,365941.6167024523,1077240.3220638335
2020-02-10,23685.98046875,367539.90643402375,1080728.115984276
2020-02-12,23861.2109375,371208.928824652,1134244.8489886522
2020-02-13,23827.73046875,370613.8090689294,1122008.7794652209
2020-02-14,23687.58984375,370999.60256765597,1131837.2844383642
2020-02-17,23523.240234375,371111.1381482519,1063890.447343558
2020-02-18,23193.80078125,370158.96116141975,1113895.449547112
2020-02-19,23400.69921875,372202.2067755647,1058892.2223908007
2020-02-20,23479.150390625,375136.9030396454,1068558.5611152872
2020-02-21,23386.740234375,373674.4714450836,1084435.8842526376
2020-02-25,22605.41015625,346783.97870408744,1035593.420942083
2020-02-26,22426.189453125,343694.18539354764,972780.1675834134
2020-02-27,21948.23046875,328744.88786700927,969483.1177270263
2020-02-28,21142.9609375,323959.77280598134,951021.4556266665
2020-03-02,21344.080078125,332808.49386845157,955236.829124853
2020-03-03,21082.73046875,325826.612436831,953360.5498995185
2020-03-04,21100.060546875,335038.675007388,937135.2985805869
2020-03-05,21329.119140625,325608.7869769335,977573.9484751225
2020-03-06,20749.75,315808.38347648084,969252.2666395158
2020-03-09,19698.759765625,285471.9690930471,823567.7933390737
2020-03-10,19867.119140625,297192.4963387549,815588.0235362649
2020-03-11,19416.060546875,287916.1662493944,830905.8733676076
2020-03-12,18559.630859375,259350.90833935514,519695.909554407
2020-03-13,17431.05078125,283599.80589783937,582019.3959348798
2020-03-16,17002.0390625,254571.433384493,534984.857907705
2020-03-17,17011.529296875,268536.74974728376,554831.2169117108
2020-03-18,16726.55078125,257500.7915514037,562487.8025427312
2020-03-19,16552.830078125,261081.4902303405,670877.663290523
2020-03-23,16887.779296875,247147.66350621358,708758.9681341313
2020-03-24,18092.349609375,271230.2590826303,746398.1143024787
2020-03-25,19546.630859375,275084.2405102663,742399.7376079
2020-03-26,18664.599609375,291611.6474546734,744692.0453925803
2020-03-27,19389.4296875,277297.2499807086,705913.2345648296
2020-03-30,19084.970703125,282136.3512509428,690648.6098784655
2020-03-31,18917.009765625,279226.19961031526,695598.9855126143
2020-04-01,18065.41015625,265598.52199172974,710281.335055612
2020-04-02,17818.720703125,271027.7123879269,728663.8099617139
2020-04-03,17820.189453125,268776.6767359711,727212.548047822
2020-04-06,18576.30078125,289523.36492333,790391.725176096
2020-04-07,18950.1796875,290181.50687870197,783054.4583780207
2020-04-08,19353.240234375,298788.0775434375,796857.1577159166
2020-04-09,19345.76953125,303872.77331253886,795358.1553835273
2020-04-10,19498.5,302865.648097584,745324.7828510031
2020-04-13,19043.400390625,299183.9309390187,741563.983152777
2020-04-14,19638.810546875,306301.5248128101,736402.6075739563
2020-04-15,19550.08984375,298108.99058246054,711396.51006734
2020-04-16,19290.19921875,301256.7844508942,765832.1913268603
2020-04-17,19897.259765625,310294.38464765623,765997.6412767991
2020-04-20,19669.119140625,303969.6225674562,740980.4586731717
2020-04-21,19280.779296875,294642.6814411767,740797.5143443123
2020-04-22,19137.94921875,301544.48070119694,766672.7159898244
2020-04-23,19429.439453125,301639.2265686281,801020.9256120622
2020-04-24,19262.0,305423.28400914185,812982.843546588
2020-04-27,19783.220703125,309422.2134064697,837988.1588844024
2020-04-28,19771.189453125,307193.04963138886,837564.6447175443
2020-04-30,20193.689453125,310494.1567898132,923088.4164078087
2020-05-01,19619.349609375,303692.7285255492,951056.5173123777
2020-05-07,19674.76953125,305956.4465193413,1056761.7256699875
2020-05-08,20179.08984375,311610.6067909058,1046856.1261700839
2020-05-11,20390.66015625,313292.9745894782,919695.404639788
2020-05-12,20366.48046875,308727.34595591575,947062.4476256594
2020-05-13,20267.05078125,302129.1613769531,993167.9043759704
2020-05-14,19914.779296875,305026.37866973877,1040856.0473038405
2020-05-15,20037.470703125,307461.13914004527,1001521.8794966489
2020-05-18,20133.73046875,316682.77439829893,1042766.6753200516
2020-05-19,20433.44921875,313868.20421443135,1044713.8066401333
2020-05-20,20595.150390625,320369.27842624485,1026672.6063696742
2020-05-21,20552.310546875,317233.15053860843,977115.856123209
2020-05-22,20388.16015625,318098.0239537172,988329.9307986349
2020-05-25,20741.650390625,318405.40229336545,959588.6013689786
2020-05-26,21271.169921875,322174.727502279,951420.2925302088
2020-05-27,21419.23046875,326356.6290797293,986876.7358341813
2020-05-28,21916.310546875,326598.8218941279,1026856.8706313595
2020-05-29,21877.890625,327698.66076223925,1016055.6059385017
2020-06-01,22062.390625,329126.565295849,1095096.1633499637
2020-06-02,22325.609375,331336.025993729,1024911.2963496819
2020-06-03,22613.759765625,339796.36867230386,1050737.7859385833
2020-06-04,22695.740234375,339243.05000409856,1068259.6070906818
2020-06-05,22863.73046875,348617.45691212453,1054992.963869527
2020-06-08,23178.099609375,354379.84216364473,1071287.479532808
2020-06-09,23091.029296875,347687.15824718773,1061942.0289922357
2020-06-10,23124.94921875,343887.5006541312,1063966.5723229647
2020-06-11,22472.91015625,321167.6789761111,997253.5060782433
2020-06-12,22305.48046875,324821.0424574055,1012582.5683405399
2020-06-15,21530.94921875,329078.8397503104,1014164.2699865475
2020-06-16,22582.2109375,335797.0485838782,1024994.2259429172
2020-06-17,22455.759765625,334419.9712530151,1018274.2116806209
2020-06-18,22355.4609375,333011.1546082981,1006069.2862216383
2020-06-19,22478.7890625,331476.75518518314,993873.6828505248
2020-06-22,22437.26953125,333084.117132267,1030782.1808212325
2020-06-23,22549.05078125,334744.2986636609,1029439.3497131765
2020-06-24,22534.3203125,324652.72845469415,991266.1695475504
2020-06-25,22259.7890625,330098.0025327783,991742.6819100901
2020-06-26,22512.080078125,322434.75430902094,981852.4637562037
2020-06-29,21995.0390625,327362.29235443845,985425.0582600385
2020-06-30,22288.140625,333560.19394913316,983156.6510571539
2020-07-01,22121.73046875,336478.61219577864,996557.5948720425
2020-07-02,22145.9609375,336056.6463027075,979544.0303345919
2020-07-03,22306.48046875,336466.69117787294,976857.9019900635
2020-07-06,22714.439453125,342071.102297185,1008604.2053190619
2020-07-07,22614.689453125,337678.4208665211,993315.2540772259
2020-07-08,22438.650390625,341015.808303535,1014281.2359365225
2020-07-09,22529.2890625,338161.376346292,995368.1900224313
2020-07-10,22290.810546875,341550.95382330567,995022.2142030522
2020-07-13,22784.740234375,337324.5786226317,988234.8341538608
2020-07-14,22587.009765625,343017.1607378125,991575.0198429823
2020-07-15,22945.5,346032.4423458986,985885.8200975135
2020-07-16,22770.359375,343799.10440999083,976390.3701217845
2020-07-17,22696.419921875,345942.58245108277,981743.0918789804
2020-07-20,22717.48046875,348239.54310361296,981397.5119180977
2020-07-21,22884.220703125,349169.53325084224,1004950.4533759505
2020-07-22,22751.609375,349983.7731259912,1017613.6170390844
2020-07-27,22715.849609375,343354.7625556998,1164955.5652659833
2020-07-28,22657.380859375,338776.2117797509,1148694.704613611
2020-07-29,22397.109375,342484.8542799242,1166736.8913308904
2020-07-30,22339.23046875,340956.968433816,1167032.9891277999
2020-07-31,21710.0,342430.66283516586,1185374.4594924152
2020-08-03,22195.380859375,348787.18478449434,1190605.9141587317
2020-08-04,22573.66015625,350589.2522991821,1188160.7763795257
2020-08-05,22514.849609375,351459.0975618884,1240650.011547938
2020-08-06,22418.150390625,353513.8809044603,1243390.4421849847
2020-08-07,22329.939453125,353831.50106865726,1224895.0993895829
2020-08-11,22750.240234375,353344.45348550007,1209424.3702916354
2020-08-12,22843.9609375,360078.2853379734,1234038.8584966436
2020-08-13,23249.609375,360356.5274220649,1258805.140345998
2020-08-14,23289.359375,360847.740753714,1259104.4435542524
2020-08-17,23096.75,360364.5643093176,1305755.5978072286
2020-08-18,23051.080078125,359299.7435156312,1271010.817002289
2020-08-19,23110.609375,355115.2233800292,1237253.5802829266
2020-08-20,22880.619140625,359131.5243846979,1260045.8591216132
2020-08-21,22920.30078125,358960.9052232299,1224920.3880399987
2020-08-24,22985.509765625,363293.6318921484,1246658.8563238084
2020-08-25,23296.76953125,364999.6140497774,1204730.6792013943
2020-08-26,23290.859375,370154.2593252808,1222419.2809175253
2020-08-27,23208.859375,368860.5397520326,1198649.5934167653
2020-08-28,22882.650390625,374083.6670512799,1230857.584476471
2020-08-31,23139.759765625,369405.2348522097,1232735.414456129
2020-09-01,23138.0703125,373838.9884990603,1268918.5782679915
2020-09-02,23247.150390625,379196.6552792508,1208700.6059882864
2020-09-03,23465.529296875,366955.0193357654,1088132.49237597
2020-09-04,23205.4296875,363552.46939605474,1115156.229076445
2020-09-07,23089.94921875,364323.53015813977,1102398.6317443475
2020-09-08,23274.130859375,354191.2615600098,1077030.875420995
2020-09-09,23032.5390625,360180.997023955,1085361.120192945
2020-09-10,23235.470703125,354725.4960406944,1100886.6133476794
2020-09-11,23406.490234375,354620.5680554267,1103984.3015028164
2020-09-14,23559.30078125,359145.84608796984,1133717.502045527
2020-09-15,23454.890625,359557.84038256854,1141399.6535951495
2020-09-16,23475.529296875,356766.3095026575,1156546.456447944
2020-09-17,23319.369140625,352694.1737620495,1150322.7732440531
2020-09-18,23360.30078125,347541.860509336,1145876.2371082306
2020-09-23,23346.490234375,339986.6360105276,1076197.920281589
2020-09-24,23087.8203125,341878.92538942024,1133078.0420381427
2020-09-25,23204.619140625,347773.11792856455,1127386.56937325
2020-09-28,23511.619140625,353841.8203227781,1130660.809738785
2020-09-29,23539.099609375,351668.6009423621,1143382.9804537296
2020-09-30,23185.119140625,355348.03692626953,1139532.4951100945
2020-10-02,23029.900390625,353402.2813619971,1116220.0804511905
2020-10-05,23312.140625,359641.4035852663,1138805.309971124
2020-10-06,23433.73046875,355278.05515476316,1120959.979235649
2020-10-07,23422.8203125,361229.63332309574,1127069.8522381783
2020-10-08,23647.0703125,365243.3366058469,1156680.579000175
2020-10-09,23619.689453125,368639.4092789199,1173031.6840853915
2020-10-12,23558.689453125,373326.7373194359,1220616.177852571
2020-10-13,23601.779296875,369943.176137181,1203592.7828114703
2020-10-14,23626.73046875,367950.0209187865,1205470.0999383628
2020-10-15,23507.23046875,366234.8932881262,1208609.5618784577
2020-10-16,23410.630859375,367054.2298997864,1192898.8911292255
2020-10-19,23671.130859375,361289.8932967186,1237927.7692637444
2020-10-20,23567.0390625,363145.8829627931,1256815.8628763855
2020-10-21,23639.4609375,362372.55928362533,1352604.2587913424
2020-10-22,23474.26953125,361497.5268599298,1357217.7017315403
2020-10-23,23516.58984375,363592.1646702755,1356789.9791947007
2020-10-26,23494.33984375,356023.7348763831,1368756.1737339199
2020-10-27,23485.80078125,355451.76107715815,1431399.0700006485
2020-10-28,23418.509765625,341969.8284234069,1387446.4823597074
2020-10-29,23331.939453125,345294.1439370364,1401772.7783932686
2020-10-30,22977.130859375,341887.3965500146,1416343.120956257
2020-11-02,23295.48046875,346184.9042399414,1417110.1913937181
2020-11-04,23695.23046875,359997.8639175929,1477622.5016455948
2020-11-05,24105.279296875,366624.38442761824,1627128.2866669446
2020-11-06,24325.23046875,363588.49511115253,1612671.9052703977
2020-11-09,24839.83984375,366599.7706489563,1583107.5397946462
2020-11-10,24905.58984375,372766.3943690192,1607639.6155806482
2020-11-11,25349.599609375,376058.1899806578,1652723.0654948056
2020-11-12,25520.880859375,372853.91341767274,1715770.7913076878
2020-11-13,25385.869140625,376763.3901080936,1714838.4453595877
2020-11-16,25906.9296875,379650.4310360905,1749775.7112139016
2020-11-17,26014.619140625,377343.880114574,1844668.4212431908
2020-11-18,25728.140625,371695.9331885278,1854839.1300888658
2020-11-19,25634.33984375,372134.803898558,1851088.6822029948
2020-11-20,25527.369140625,369361.58369891346,1933357.9162679613
2020-11-24,26165.58984375,379991.2266104277,1997207.7919486463
2020-11-25,26296.859375,379345.60201594234,1957750.1810176373
2020-11-26,26537.310546875,378935.4553430937,1790525.072263524
2020-11-27,26644.7109375,379268.8791103177,1783414.021773845
2020-11-30,26433.619140625,376946.4841154516,2042696.2704212666
2020-12-01,26787.5390625,381989.8806460295,1961133.9610020071
2020-12-02,26800.98046875,382710.758166546,2002846.6479100436
2020-12-03,26809.369140625,383018.2353711035,2031227.4335449338
2020-12-04,26751.240234375,384053.74070191383,1941465.7299613953
2020-12-07,26547.439453125,384694.8367989063,1999729.5148015022
2020-12-08,26467.080078125,385026.59956741333,1905362.409089148
2020-12-09,26817.939453125,382469.12566459365,1932112.08392255
2020-12-10,26756.240234375,382480.14502473176,1904527.323344946
2020-12-11,26652.51953125,381666.58274359256,1881412.7531280667
2020-12-14,26732.439453125,379116.47300360166,2000477.0434949696
2020-12-15,26687.83984375,384277.44628123194,2019570.1341160685
2020-12-16,26757.400390625,383567.05362325907,2208502.5347384214
2020-12-17,26806.669921875,385183.6102989502,2359764.1144696623
2020-12-18,26763.390625,382555.1414199136,2386240.973184943
2020-12-21,26714.419921875,382265.33306366205,2359138.4744085073
2020-12-22,26436.390625,381041.43590603024,2457738.160443008
2020-12-23,26524.7890625,382041.4837387353,2406269.4065891504
2020-12-24,26668.349609375,383459.2824200392,2457905.059859276
2020-12-25,26656.609375,383833.28380138427,2556579.5801317394
2020-12-28,26854.029296875,386733.02728625946,2804171.410439819
2020-12-29,27568.150390625,386453.06575689465,2837183.8637709618
2020-12-30,27444.169921875,386486.3273439184,2986740.2101022005
2021-01-04,27258.380859375,382051.38939545304,3300748.3851617575
2021-01-05,27158.630859375,384332.44857788086,3505469.3115234375
2021-01-06,27055.939453125,384851.5131518077,3781052.024686545
2021-01-07,27490.130859375,391881.67287798226,4056162.412515104
2021-01-08,28139.029296875,396963.5336065795,4234383.914382577
2021-01-12,28164.33984375,395810.299954582,3532330.020596683
2021-01-13,28456.58984375,395278.5246132128,3871646.876878023
2021-01-14,28698.259765625,394117.4833913073,4069094.51158607
2021-01-15,28519.1796875,391249.8720397949,3823504.332230568
2021-01-18,28242.2109375,391551.3101902008,3806157.6468429267
2021-01-19,28633.4609375,393958.3657450974,3740547.0611810684
2021-01-20,28523.259765625,400195.6818213016,3693304.6945724487
2021-01-21,28756.859375,399004.67210481875,3192155.292004913
2021-01-22,28631.44921875,397615.1781265028,3416294.263677299
2021-01-25,28822.2890625,400097.70751510747,3358887.136408493
2021-01-26,28546.1796875,399436.5915830508,3379447.665045455
2021-01-27,28635.2109375,388591.0144291967,3152903.057302952
2021-01-28,28197.419921875,394429.09458269924,3485259.7326383293
2021-01-29,27663.390625,387361.8041817285,3578890.2998521924
2021-02-01,28091.05078125,395070.3079189975,3510872.683535546
2021-02-02,28362.169921875,401307.21264424175,3724354.5101257563
2021-02-03,28646.5,402275.08608713746,3935618.6475351453
2021-02-04,28341.94921875,406513.3509087097,3877052.443744689
2021-02-05,28779.189453125,410340.41955144703,4026970.893312067
2021-02-08,29388.5,412703.2012383882,4869107.465021461
2021-02-09,29505.9296875,411500.5026642792,4890277.0638124645
2021-02-10,29562.9296875,408875.6768131107,4697318.912236989
2021-02-12,29520.0703125,412138.02664572,4975705.529931307
2021-02-15,30084.150390625,413389.30573268235,5037059.820084423
2021-02-16,30467.75,414443.87567297556,5185026.866006702
2021-02-17,30292.189453125,417125.9028019309,5533166.0104177
2021-02-18,30236.08984375,414336.7753074933,5470874.9801386595
2021-02-19,30017.919921875,412751.7224620953,5904693.031784236
2021-02-22,30156.029296875,409025.0207633972,5719631.192144573
2021-02-24,29671.69921875,413281.02823222615,5233126.3296587765
2021-02-25,30168.26953125,405695.60720638186,4989311.021435022
2021-02-26,28966.009765625,405426.3070873171,4929577.410058141
2021-03-01,29663.5,415555.5363104772,5285876.104905546
2021-03-02,29408.169921875,413544.35293225944,5169343.176443994
2021-03-03,29559.099609375,407785.6769885961,5395361.822937429
2021-03-04,28930.109375,403444.8530633338,5198861.455191791
2021-03-05,28864.3203125,414756.63340931386,5281947.267127633
2021-03-08,28743.25,414306.95133982226,5664515.757603943
2021-03-09,29027.939453125,422186.5633672215,5972484.666252792
2021-03-10,29036.560546875,423321.113295909,6081240.613029748
2021-03-11,29211.640625,427150.52128445916,6267924.84457162
2021-03-12,29717.830078125,428069.2844443787,6223685.030484647
2021-03-15,29766.970703125,433078.8067474477,6100425.676300198
2021-03-16,29921.08984375,432466.3995189965,6199346.3649350405
2021-03-17,29914.330078125,433294.3395886645,6418634.72032252
2021-03-18,30216.75,426358.3460658118,6300315.794793487
2021-03-19,29792.05078125,426257.90578244627,6355759.172212243
2021-03-22,29174.150390625,429015.9921172634,5936642.614076734
2021-03-23,28995.919921875,425370.72946339846,5954283.568768501
2021-03-24,28405.51953125,422049.44808699377,5727063.128465295
2021-03-25,28729.880859375,425316.68650407717,5624895.63073501
2021-03-26,29176.69921875,433936.3103210181,6019836.688551903
2021-03-29,29384.51953125,435989.95329385623,6340452.143574536
2021-03-30,29432.69921875,434791.29736442864,6471283.466991663
2021-03-31,29178.80078125,438229.62081325985,6499041.785187632
2021-04-01,29388.869140625,445200.6154785156,6544860.8017578125
2021-04-02,29854.0,444649.8891014531,6568676.8969454765
2021-04-05,30089.25,451330.8433071971,6536348.979054451
2021-04-06,29696.630859375,448919.6671958752,6412390.702782512
2021-04-07,29730.7890625,447949.9420007691,6153780.953886032
2021-04-08,29708.98046875,450082.299504742,6407002.745615602
2021-04-09,29768.060546875,451401.6902065426,6367926.3837201
2021-04-12,29538.73046875,452815.76177734137,6569952.461716175
2021-04-13,29751.609375,452982.24984535575,6945627.144219428
2021-04-14,29620.990234375,449274.49771258235,6874160.679481447
2021-04-15,29642.689453125,454133.6952637136,6894515.814340055
2021-04-16,29683.369140625,454914.58469873294,6692285.054561198
2021-04-19,29685.369140625,452625.4458280355,6058286.5331174135
2021-04-20,29100.380859375,446978.7360194959,6104621.707934618
2021-04-21,28508.55078125,451284.42991255224,5829027.387453049
2021-04-22,29188.169921875,446739.10816696286,5592344.335737705
2021-04-23,29020.630859375,451366.3745570779,5516990.230610967
2021-04-26,29126.23046875,451735.3348218128,5827542.710557848
2021-04-27,28991.890625,453011.5152521394,5954693.537382305
2021-04-28,29053.970703125,454920.84411621094,5962186.46484375
2021-04-30,28812.630859375,455346.12636469305,6289225.104508549
2021-05-06,29331.369140625,458896.75501605123,6159571.139869809
2021-05-07,29357.8203125,461565.0535662845,6254715.850623786
2021-05-10,29518.33984375,454746.2351651676,6064809.787896037
2021-05-11,28608.58984375,451931.19037859514,6171952.776633829
2021-05-12,28147.509765625,441713.38296738267,5343400.249517083
2021-05-13,27448.009765625,450993.2060241699,5452076.487201452
2021-05-14,28084.470703125,457103.3624546416,5462716.630327016
2021-05-17,27824.830078125,455513.9004264027,4763526.343779266
2021-05-18,28406.83984375,450932.4000415653,4687508.792029887
2021-05-19,28044.44921875,448065.8538024798,4028381.650991738
2021-05-20,28098.25,454479.5434810892,4456452.267241806
2021-05-21,28317.830078125,452406.90725333244,4060988.7292533517
2021-05-24,28364.609375,457138.4622972384,4215816.637064844
2021-05-25,28553.98046875,455882.11718283594,4180120.2586633563
2021-05-26,28642.189453125,456532.1376757622,4275287.54014492
2021-05-27,28549.009765625,458610.0491145998,4196163.808057308
2021-05-28,29149.41015625,461649.0920224972,3919918.291374892
2021-05-31,28860.080078125,462061.09299290925,4103142.059416473
2021-06-01,28814.33984375,460093.95409579575,4016742.4397440553
2021-06-02,28946.140625,460759.68006692827,4114219.007332206
2021-06-03,29058.109375,459515.41157086194,4297084.716534138
2021-06-04,28941.51953125,466413.0609101616,4068198.556777239
2021-06-07,29019.240234375,463298.4313087426,3678823.9140802324
2021-06-08,28963.560546875,461929.5924012959,3657688.5474153757
2021-06-09,28860.80078125,461909.9050380215,4088133.1271133125
2021-06-10,28958.560546875,464656.54165477306,4022971.7515030503
2021-06-11,28948.73046875,464708.1420316994,4084719.0710406303
2021-06-14,29161.80078125,466828.23907794803,4412328.8304668665
2021-06-15,29441.30078125,467298.9945512414,4446346.320285499
2021-06-16,29291.009765625,464961.81075401604,4221398.014206886
2021-06-17,29018.330078125,467655.40288316086,4215186.499952227
2021-06-18,28964.080078125,459663.6050828546,3948227.816078961
2021-06-21,28010.9296875,465576.0718809441,3490803.1708263606
2021-06-22,28884.130859375,468696.56442541257,3587779.75194183
2021-06-23,28874.890625,469376.54322239757,3731587.84505412
2021-06-24,28875.23046875,473631.61832533777,3847946.547715664
2021-06-25,29066.1796875,474819.5361746028,3509294.0420790166
2021-06-28,29048.01953125,475493.9602453597,3816081.9289264083
2021-06-29,28812.609375,474685.92017641664,3967083.6637126207
2021-06-30,28791.529296875,475024.17823791504,3873238.9286749363
2021-07-01,28707.0390625,480049.008421842,3730667.9687854648
2021-07-02,28783.279296875,485599.2549370229,3781961.2663525343
2021-07-05,28598.189453125,483697.29783275723,3750362.2162103355
2021-07-06,28643.2109375,481768.0885633081,3797230.935818553
2021-07-07,28366.94921875,482017.8698608652,3744466.9124275446
2021-07-08,28118.029296875,478033.91048270836,3637388.021190673
2021-07-09,27940.419921875,479780.94903903455,3711055.5693080127
2021-07-12,28569.01953125,483251.9664771855,3654271.628013253
2021-07-13,28718.240234375,482033.07560665905,3607850.8514220417
2021-07-14,28608.490234375,483775.6922391355,3629987.579109311
2021-07-15,28279.08984375,479533.5209468119,3495371.896730095
2021-07-16,28003.080078125,475026.9871045947,3449393.711367488
2021-07-19,27652.740234375,467897.3583509773,3386078.4935303032
2021-07-20,27388.16015625,473522.0456819236,3264917.9162991047
2021-07-21,27548.0,479107.19037837535,3529607.3552660644
2021-07-26,27833.2890625,488858.70394114405,4127440.438455552
2021-07-27,27970.220703125,485489.8452079296,4346664.52795887
2021-07-28,27581.66015625,483216.68977816403,4391790.471922874
2021-07-29,27782.419921875,485624.79679371044,4396565.44186914
2021-07-30,27283.58984375,480880.9606744051,4620948.803687096
2021-08-02,27781.01953125,481297.7977247536,4300688.662699759
2021-08-03,27641.830078125,483313.15426068753,4168937.91572088
2021-08-04,27584.080078125,479850.3212662935,4332120.091502309
2021-08-05,27728.119140625,485114.9016225524,4476401.427927911
2021-08-06,27820.0390625,486916.9403094873,4699196.460960388
2021-08-10,27888.150390625,489400.1444168091,5028302.445933342
2021-08-11,28070.509765625,491321.6765629351,5042565.014340609
2021-08-12,28015.01953125,492359.6614933759,4903728.001389563
2021-08-13,27977.150390625,493280.60345458984,5276525.936626792
2021-08-16,27523.189453125,491083.7272185907,5043195.620396018
2021-08-17,27424.470703125,486161.7952673435,4885068.562665939
2021-08-18,27585.91015625,481992.3884093836,4907387.790034294
2021-08-19,27281.169921875,483941.8747851923,5131552.35042274
2021-08-20,27013.25,487553.21395374835,5415862.535733551
2021-08-23,27494.240234375,492031.5351970345,5442148.762931585
2021-08-24,27732.099609375,492040.73809565976,5232311.587860882
2021-08-25,27724.80078125,493366.93736391887,5372467.548186243
2021-08-26,27742.2890625,491592.71072387695,5162517.351835728
2021-08-27,27641.140625,496247.14696813375,5398808.1219497025
2021-08-30,27789.2890625,497555.5079670623,5169695.757839084
2021-08-31,28089.5390625,497241.5503502637,5185694.302015305
2021-09-01,28451.01953125,497903.2307392359,5375908.429418206
2021-09-02,28543.509765625,499500.0717491731,5430784.986680478
2021-09-03,29128.109375,498647.8692921661,5500039.839108467
2021-09-06,29659.890625,497826.95753763244,5777267.349678129
2021-09-07,29916.140625,496389.66962645575,5140798.162198752
2021-09-08,30181.2109375,497883.8345868699,5083695.910660386
2021-09-09,30008.189453125,495240.32178177685,5113169.843816042
2021-09-10,30381.83984375,489467.3716648668,4927400.461417884
2021-09-13,30447.369140625,491180.45989446715,4942116.34391883
2021-09-14,30670.099609375,488708.8348606378,5179891.740883946
2021-09-15,30511.7109375,491617.95266041905,5285860.77376917
2021-09-16,30323.33984375,489352.2107219696,5226687.35308826
2021-09-17,30500.05078125,486294.5846274048,5185199.506774396
2021-09-21,29839.7109375,476509.4692036733,4453393.652415454
2021-09-22,29639.400390625,479779.73440452665,4756114.043652177
2021-09-24,30248.810546875,491555.2682806812,4726338.104230881
2021-09-27,30240.060546875,492136.62062529847,4678198.447062761
2021-09-28,30183.9609375,482985.20876757056,4553356.898252338
2021-09-29,29544.2890625,486201.84999127686,4635590.302957475
2021-09-30,29452.66015625,482168.7889298424,4901777.43928358
2021-10-01,28771.0703125,485640.03341156244,5363162.33559823
2021-10-04,28444.890625,477123.12524911016,5448929.107386917
2021-10-05,27822.119140625,482235.8908799663,5716495.832980156
2021-10-06,27528.869140625,486479.07494455576,6172081.862018824
2021-10-07,27678.2109375,490190.44362939894,5994686.245545745
2021-10-08,28048.939453125,490345.80088990927,6026157.9433375
2021-10-11,28498.19921875,489630.78008145466,6453817.0750742555
2021-10-12,28230.609375,493311.4932512939,6354383.579191923
2021-10-13,28140.279296875,495374.177776441,6516115.043679535
2021-10-14,28550.9296875,502859.28081156313,6494586.070435941
2021-10-15,29068.630859375,508993.94428245723,7011485.59281081
2021-10-18,29025.4609375,512910.0373471156,7091069.200345874
2021-10-19,29215.51953125,516525.9177086055,7344182.012482882
2021-10-20,29255.55078125,519588.80113609135,7559017.358454466
2021-10-21,28708.580078125,520444.75956654176,7116159.346812367
2021-10-22,28804.849609375,517436.84694686905,6909814.348797202
2021-10-25,28600.41015625,519044.38718917966,7165358.6723434925
2021-10-26,29106.009765625,520450.98600171506,6867286.870246708
2021-10-27,29098.240234375,519747.272025235,6677986.981670558
2021-10-28,28820.08984375,522962.27751994133,6897344.286513805
2021-10-29,28892.689453125,523244.82839766145,7070092.2865713835
2021-11-01,29647.080078125,527047.1974769086,6968899.3560984135
2021-11-02,29520.900390625,528329.3781543486,7213753.26091978
2021-11-04,29794.369140625,533854.4494555481,7009855.91081658
2021-11-05,29611.5703125,534752.6886912547,6958363.430793256
2021-11-08,29507.05078125,533525.4224888608,7667145.718385577
2021-11-09,29285.4609375,530623.2932052612,7584827.275313854
2021-11-10,29106.779296875,524669.3270211071,7338741.62930125
2021-11-11,29277.859375,529575.0958993286,7398125.221301317
2021-11-12,29609.970703125,534046.2702571899,7316535.978803754
2021-11-15,29776.80078125,533750.2176855952,7244389.88358289
2021-11-16,29808.119140625,536523.1254433468,6866323.56683284
2021-11-17,29688.330078125,538746.9255552143,6936525.978000969
2021-11-18,29598.66015625,537211.4385462403,6502222.730932951
2021-11-19,29745.869140625,536892.249359712,6642021.492482424
2021-11-22,29774.109375,534501.4013188183,6424746.902500629
2021-11-24,29302.66015625,541330.7959101722,6480184.439612299
2021-11-25,29499.279296875,542586.0776850209,6609956.069073856
2021-11-26,28751.619140625,528698.3433863819,6164219.373781681
2021-11-29,28283.919921875,529392.6595909931,6573705.027471095
2021-11-30,27821.759765625,519742.8719024658,6487445.524320066
2021-12-01,27935.619140625,511322.9396375343,6484082.502823234
2021-12-02,27753.369140625,516672.23054420203,6375329.085292518
2021-12-03,28029.5703125,512942.4697313458,6057781.140119433
2021-12-06,27927.369140625,519051.5504678339,5717961.085988045
2021-12-07,28455.599609375,531749.2823581696,5752330.359580338
2021-12-08,28860.619140625,533704.8679889068,5733557.142298579
2021-12-09,28725.470703125,530614.3991726711,5419557.324221939
2021-12-10,28437.76953125,534569.2379726171,5359658.3379154205
2021-12-13,28640.490234375,529932.7857902385,5304750.745009929
2021-12-14,28432.640625,526326.0383056104,5294123.159110844
2021-12-15,28459.720703125,535712.4618347958,5561659.740055859
2021-12-16,29066.3203125,532863.317611903,5440341.1126096845
2021-12-17,28545.6796875,525195.8291665725,5251474.446913987
2021-12-20,27937.810546875,518552.48626118526,5321755.217638046
2021-12-21,28517.58984375,528440.7899582312,5562233.464221299
2021-12-22,28562.2109375,535379.6827987209,5543358.725141823
2021-12-23,28798.369140625,539311.8954316676,5795582.493938684
2021-12-24,28782.58984375,540904.4771563336,5817006.840383947
2021-12-27,28676.4609375,547791.1204480939,5789870.916893631
2021-12-28,29069.16015625,549434.6995337494,5462819.88825497
2021-12-29,28906.880859375,550113.8946844228,5330598.930324376
2021-12-30,28791.7109375,549305.4444614649,5423031.020355225
2022-01-04,29301.7890625,552829.3996685743,5293275.5739655495
2022-01-05,29332.16015625,546085.2069232315,5061585.616699904
2022-01-06,28487.869140625,545342.8639798984,5012192.37162298
2022-01-07,28478.560546875,541904.0460659154,4815106.266281337
2022-01-11,28222.48046875,543313.2626209632,4926503.941509783
2022-01-12,28765.66015625,545094.6891707368,5068693.888635933
2022-01-13,28489.130859375,534274.2548310235,4884188.455565095
2022-01-14,28124.279296875,532115.1097992733,4918451.312348306
2022-01-17,28333.51953125,532991.7421243042,4829491.447286487
2022-01-18,28257.25,524404.0502348915,4855018.59075129
2022-01-19,27467.23046875,519245.76606461406,4781979.799701452
2022-01-20,27772.9296875,512586.7256238684,4651683.758438528
2022-01-21,27522.259765625,501334.35109812766,4155878.73113662
2022-01-24,27588.369140625,501806.6448661983,4170712.8599352837
2022-01-25,27131.33984375,496683.2501310855,4213162.997998297
2022-01-26,27011.330078125,495348.29876708984,4196535.289550781
2022-01-27,26170.30078125,496341.5297270268,4260535.410668492
2022-01-28,26717.33984375,511222.76083340123,4358498.169303328
2022-01-31,27001.98046875,520471.3062732145,4435641.99368
2022-02-01,27078.48046875,523402.2458268702,4460164.4665277
2022-02-02,27533.599609375,526567.0905144885,4239837.617505431
2022-02-03,27241.310546875,512138.55232136697,4249817.7765215635
2022-02-04,27439.990234375,517367.4058084935,4770816.117771149
2022-02-07,27248.869140625,516649.4460040331,5051452.9740309715
2022-02-08,27284.51953125,520261.9775210768,5076400.829173207
2022-02-09,27579.869140625,529961.5047687851,5122505.463285089
2022-02-10,27696.080078125,520680.6533703953,5036214.111201912
2022-02-14,27079.58984375,508762.61463806033,4922366.310904205
2022-02-15,26865.189453125,516569.5371284522,5150040.807003379
2022-02-16,27460.400390625,517467.7638076991,5083529.702740788
2022-02-17,27232.869140625,505425.03812111914,4677559.600253552
2022-02-18,27122.0703125,499537.3032017648,4598198.046323061
2022-02-21,26910.869140625,499950.451171577,4262211.353471756
2022-02-22,26449.609375,493364.21697060764,4387923.352238923
2022-02-24,25970.8203125,492763.08629675955,4404340.2525731325
2022-02-25,26476.5,506738.37011712044,4532026.441648006
2022-02-28,26526.8203125,505561.8441229798,4992489.955689788
2022-03-01,26844.720703125,495555.77392458916,5104243.014265537
2022-03-02,26393.029296875,503719.55310886353,5043938.157034934
2022-03-03,26577.26953125,504066.01613375545,4903988.101522565
2022-03-04,25985.470703125,499871.94368469715,4519375.81567812
2022-03-07,25221.41015625,482915.26471835375,4375231.27407825
2022-03-08,24790.94921875,481186.19821585715,4469235.040186942
2022-03-09,24717.529296875,495044.81632103026,4858348.142382681
2022-03-10,25690.400390625,493716.69138494134,4571156.525008678
2022-03-11,25162.779296875,488452.5418899134,4507161.16138047
2022-03-14,25307.849609375,490461.4263198115,4661993.8932159245
2022-03-15,25346.48046875,503898.34707550704,4650552.594841421
2022-03-16,25762.009765625,515499.95814931765,4866997.7230600715
2022-03-17,26652.890625,524415.2157302946,4867890.523062259
2022-03-18,26827.4296875,528817.2504774854,4952851.80198884
2022-03-22,27224.109375,539561.4779748954,5065859.429936856
2022-03-23,28040.16015625,540720.1737198234,5204631.249093175
2022-03-24,28110.390625,547513.4342800975,5324855.955113232
2022-03-25,28149.83984375,555825.2289788611,5425889.807704836
2022-03-28,27943.890625,559448.8174283691,5762340.879411608
2022-03-29,28252.419921875,572743.685037598,5869612.403590322
2022-03-30,28027.25,566676.6802978516,5794590.5126953125
2022-03-31,27821.4296875,552805.194543153,5556674.927050978
2022-04-01,27665.98046875,553485.6985309795,5635067.759007275
2022-04-04,27736.470703125,561877.5099601075,5716406.3059952855
2022-04-05,27787.98046875,555725.4679097459,5594685.758358657
2022-04-06,27350.30078125,554121.0643924959,5342772.352429479
2022-04-07,26888.5703125,556779.4750743732,5382426.52498737
2022-04-08,26985.80078125,556977.5712321214,5247729.987891376
2022-04-11,26821.51953125,548852.5267528407,4915931.907455236
2022-04-12,26334.98046875,551756.8714430481,5034837.984773338
2022-04-13,26843.490234375,557673.5134721398,5162966.683544457
2022-04-14,27172.0,550729.7320140004,5006995.098641157
2022-04-15,27093.189453125,554252.597647965,5116995.67517215
2022-04-18,26799.7109375,556066.9803820327,5169333.516592205
2022-04-19,26985.08984375,567137.9597087726,5274916.501768112
2022-04-20,27217.849609375,576754.0389039963,5351072.238996446
2022-04-21,27553.060546875,562445.6197273731,5188029.375511408
2022-04-22,27105.259765625,548530.718989186,5102975.239880919
2022-04-25,26590.779296875,552502.509315893,5203140.603842676
2022-04-26,26700.109375,533356.7875110358,4869277.05563128
2022-04-27,26386.630859375,532475.8435366675,4994060.471610516
2022-04-28,26847.900390625,550489.2629623413,5106720.776611567
2022-05-02,26818.529296875,540245.1005385667,5009236.540002108
2022-05-06,27003.560546875,537394.8893859982,4697213.413961649
2022-05-09,26319.33984375,521850.60922486335,3961296.10963583
2022-05-10,26167.099609375,521644.8978203796,4044673.4140734673
2022-05-11,26213.640625,512954.63110302016,3771882.811658442
2022-05-12,25748.720703125,510261.97332939506,3771415.069856733
2022-05-13,26427.650390625,517423.9431916885,3765455.639800638
2022-05-16,26547.05078125,518764.7789824903,3865217.402672291
2022-05-17,26659.75,527146.8381104618,3922592.942679584
2022-05-18,26911.19921875,507936.04127511755,3717953.873984903
2022-05-19,26402.83984375,498965.66277068853,3877627.7616831064
2022-05-20,26739.029296875,498718.6681093946,3732789.047027886
2022-05-23,27001.51953125,508254.5457649231,3721837.9021627307
2022-05-24,26748.140625,503902.4522292651,3791348.0596759915
2022-05-25,26677.80078125,504379.6097232923,3747590.9002052844
2022-05-26,26604.83984375,515962.4845891651,3721386.1560355574
2022-05-27,26781.6796875,528283.6229622066,3636990.11420244
2022-05-30,27369.4296875,529281.6234603524,4038293.7468886375
2022-05-31,27279.80078125,528022.6289975345,4062548.502256751
2022-06-01,27457.890625,527975.9117260426,3836214.147407353
2022-06-02,27413.880859375,543496.1241835728,3964490.3278931975
2022-06-03,27761.5703125,533773.3017857373,3859134.9994626045
2022-06-06,27915.890625,538699.7770044655,4100366.4317421913
2022-06-07,27943.94921875,549942.0415824503,4118006.368548572
2022-06-08,28234.2890625,546767.7002870813,4013886.484645307
2022-06-09,28246.529296875,540115.5223621577,4047955.6768945456
2022-06-10,27824.2890625,524345.8110623583,3909386.8371827602
2022-06-13,26987.439453125,505502.5856281817,3031614.712098539
2022-06-14,26629.859375,501394.8231779784,2980706.9217699766
2022-06-15,26326.16015625,512762.9297963232,3053969.9371049404
2022-06-16,26431.19921875,491768.8813116029,2733485.1540984213
2022-06-17,25963.0,486626.0185678862,2710854.2812424004
2022-06-20,25771.220703125,497117.6713182032,2786623.002124548
2022-06-21,26246.310546875,508574.2131470144,2797732.6218847036
2022-06-22,26149.55078125,512356.42521539703,2723612.4391399324
2022-06-23,26171.25,516310.3827401623,2868185.370429188
2022-06-24,26491.970703125,527459.0059579834,2862876.4509973526
2022-06-27,26871.26953125,526756.6575220712,2800575.12587294
2022-06-28,27049.470703125,517571.62153308094,2746707.7199691534
2022-06-29,26804.599609375,519540.36445069313,2735092.0177030563
2022-06-30,26393.0390625,517041.26991052926,2702376.1058050394
2022-07-01,25935.619140625,519426.25271078944,2616510.205889821
2022-07-04,26153.810546875,516584.04693847895,2732090.2614673376
2022-07-05,26423.470703125,520455.98897684366,2742625.1794990897
2022-07-06,26107.650390625,521089.08224773407,2784718.7786045074
2022-07-07,26490.529296875,530623.6601925492,2941976.349093318
2022-07-08,26517.189453125,529976.3961167634,2953541.2082793713
2022-07-11,26812.30078125,525362.6343510672,2722006.7382857203
2022-07-12,26336.66015625,524657.3029730469,2654873.914654255
2022-07-13,26478.76953125,519802.16839620844,2763516.017688811
2022-07-14,26643.390625,521662.42518366873,2830997.0620456636
2022-07-15,26788.470703125,536851.7251145951,2895561.9113504887
2022-07-19,26961.6796875,544164.7292883396,3233098.1075954437
2022-07-20,27680.259765625,547222.5046856329,3210416.201823801
2022-07-21,27803.0,553434.6955777891,3205868.916450441
2022-07-22,27914.66015625,543131.5622060746,3114178.2881318033
2022-07-25,27699.25,540727.892017778,2911856.1345193684
2022-07-26,27655.2109375,534952.7782543823,2897760.859998107
2022-07-27,27715.75,551113.8813252077,3140797.300979674
2022-07-28,27815.48046875,554302.4796039239,3245415.0847166777
2022-07-29,27801.640625,555098.6034887135,3199271.3116533756
2022-08-01,27993.349609375,549454.0472238809,3110277.321102321
2022-08-02,27594.73046875,538286.0684407577,3023276.977645993
2022-08-03,27741.900390625,554212.3998797536,3047244.315323591
2022-08-04,27932.19921875,556202.20174478,3031688.3928984404
2022-08-05,28175.869140625,549739.2443273216,3088652.2232607007
2022-08-08,28249.240234375,559144.1196346879,3215637.9577777386
2022-08-09,27999.9609375,555873.8686725944,3123476.6027478576
2022-08-10,27819.330078125,569169.7316600382,3237409.872433394
2022-08-12,28546.98046875,569234.2702192441,3245428.5053159297
2022-08-15,28871.779296875,572757.1904135197,3217168.6758714914
2022-08-16,28868.91015625,573207.292728126,3179893.1439727545
2022-08-17,29222.76953125,573905.2435429245,3133487.6416709125
2022-08-18,28942.140625,578065.043233335,3132419.7602921724
2022-08-19,28930.330078125,574206.4312051758,2835067.2353365123
2022-08-22,28794.5,567074.3212243617,2932527.7869009674
2022-08-23,28452.75,567890.3155653551,2961102.490005344
2022-08-24,28313.470703125,566179.9141570777,2925405.2421301603
2022-08-25,28479.009765625,575619.5581296086,2961073.4248048067
2022-08-26,28641.380859375,554126.2249416672,2766769.1189673543
2022-08-29,27878.9609375,554289.5191932805,2791380.240941137
2022-08-30,28195.580078125,552465.7914429791,2743758.346113026
2022-08-31,28091.529296875,548692.9444122314,2781583.7835374177
2022-09-01,27661.470703125,552566.3720252141,2803630.286147833
2022-09-02,27650.83984375,549714.2415181249,2797385.4325414896
2022-09-05,27619.609375,551307.5140758008,2783380.568173647
2022-09-06,27626.509765625,548827.0848472416,2645373.5748803616
2022-09-07,27430.30078125,569722.3910320997,2761429.2210764885
2022-09-08,28065.279296875,577402.7251502462,2785970.428120345
2022-09-09,28214.75,585114.1670328714,3075807.111592591
2022-09-12,28542.109375,586128.018040359,3189936.4211431146
2022-09-13,28614.630859375,560742.6216989681,2894006.1083201766
2022-09-14,27818.619140625,569819.6569065638,2922894.4786345363
2022-09-15,27875.91015625,557592.6761994511,2815756.2525880337
2022-09-16,27567.650390625,555299.9879272282,2834696.6115339696
2022-09-20,27688.419921875,552257.880370345,2705595.6179527044
2022-09-21,27313.130859375,544241.5370116122,2663443.8837220967
2022-09-22,27153.830078125,542338.0618699305,2801685.883165419
2022-09-26,26431.55078125,524538.4568461329,2758664.8939578533
2022-09-27,26571.869140625,526883.8704172522,2760690.4840171337
2022-09-28,26173.98046875,538111.6009547263,2810871.5337988436
2022-09-29,26422.05078125,525676.5646094643,2826309.288750112
2022-09-30,25937.2109375,517874.6982701123,2806552.7213418484
2022-10-03,26215.7890625,532695.4878761955,2841808.260007292
2022-10-04,26992.2109375,547861.3921472915,2939060.264808178
2022-10-05,27120.529296875,543986.4952708595,2898849.0377537906
2022-10-06,27311.30078125,540892.1914992481,2882543.940128982
2022-10-07,27116.109375,527892.6393239647,2835055.549127221
2022-10-11,26401.25,522800.6765063815,2775296.1844344735
2022-10-12,26396.830078125,521781.3529075682,2794496.4541921616
2022-10-13,26237.419921875,538511.5689812452,2844189.218346238
2022-10-14,27090.759765625,527761.1369545385,2825912.8519792557
2022-10-17,26775.7890625,546661.0710606016,2905868.3091710806
2022-10-18,27156.140625,554169.1117867604,2880267.153734654
2022-10-19,27257.380859375,551351.1139727198,2855790.894119799
2022-10-20,27006.9609375,549210.8266369067,2854650.3993730247
2022-10-21,26890.580078125,563572.9647598267,2879244.5687036514
2022-10-24,26974.900390625,561319.0153789893,2859643.151455462
2022-10-25,27250.279296875,574571.3011252508,2992011.791502893
2022-10-26,27431.83984375,566852.1860850826,3073609.8305559754
2022-10-27,27345.240234375,556375.995560132,2964450.4033691883
2022-10-28,27105.19921875,570623.6671062037,3012564.497192502
2022-10-31,27587.4609375,572325.0911660865,3029521.1907879114
2022-11-01,27678.919921875,573544.7583422363,3046918.1052708626
2022-11-02,27663.390625,556114.5124410465,2981892.884944737
2022-11-04,27199.740234375,559523.2536477298,3138101.084532976
2022-11-07,27527.640625,558994.3389814943,3025338.234329939
2022-11-08,27872.109375,561292.7892873064,2718595.2588513494
2022-11-09,27716.4296875,544648.4812184386,2307397.9407505244
2022-11-10,27446.099609375,578456.9170150012,2571344.2655185163
2022-11-11,28263.5703125,565933.9050979875,2414338.369425595
2022-11-14,27963.470703125,552246.0846138,2319119.4521161914
2022-11-15,27990.169921875,559301.2681406066,2365787.6826522946
2022-11-16,28028.30078125,550133.2432807982,2316468.592558205
2022-11-17,27930.5703125,549842.6650530472,2324938.427909106
2022-11-18,27899.76953125,556781.3425859548,2344568.355194986
2022-11-21,27944.7890625,553990.9502284005,2214214.062484488
2022-11-22,28115.740234375,568900.7507757843,2300533.987452686
2022-11-24,28383.08984375,557610.6256323755,2312636.6524809003
2022-11-25,28283.029296875,558032.3138243258,2289976.7861347795
2022-11-28,28162.830078125,551384.0700435787,2255829.6261311173
2022-11-29,28027.83984375,548998.4365246296,2281231.4202227592
2022-11-30,27968.990234375,566094.8569318354,2382052.6622042656
2022-12-01,28226.080078125,559953.5616454817,2330588.2862194777
2022-12-02,27777.900390625,550290.2235491946,2309532.315816283
2022-12-05,27820.400390625,537744.0452260748,2282689.8530690074
2022-12-06,27885.869140625,538581.0344689526,2335314.764715731
2022-12-07,27686.400390625,538498.5686685741,2306272.7328419983
2022-12-08,27574.4296875,540547.4455785193,2350318.44390139
2022-12-09,27901.009765625,537491.3670670241,2340628.447100222
2022-12-12,27842.330078125,545557.4691383988,2352326.5801181793
2022-12-13,27954.849609375,552717.9313396364,2445002.3606172204
2022-12-14,28156.2109375,541701.4746853076,2415517.136038214
2022-12-15,28051.69921875,527281.9990577698,2350299.9048065245
2022-12-16,27527.119140625,530666.4844324812,2293207.738006115
2022-12-19,27237.640625,521835.94270668924,2247139.8566203117
2022-12-20,26568.029296875,523542.8292938471,2316079.1281137466
2022-12-21,26387.720703125,511535.19412375987,2218098.31808722
2022-12-22,26507.869140625,505969.73141655326,2227832.2614729404
2022-12-23,26235.25,508888.82913695276,2223194.234547615
2022-12-26,26405.869140625,510553.6310638301,2246780.7508558035
2022-12-27,26447.869140625,508386.57598114014,2219438.9926387668
2022-12-28,26340.5,505006.872376509,2209536.5361734033
2022-12-29,26093.669921875,515934.3862900585,2230639.5835193396
2022-12-30,26094.5,510330.9834060669,2206749.3185487986
2023-01-04,25716.859375,505694.606947843,2213266.316464007
2023-01-05,25820.80078125,503606.0138820559,2226591.0694440007
2023-01-06,25973.849609375,519241.46660113335,2259816.214038849
2023-01-10,26175.560546875,516278.8985595703,2298182.7946300507
2023-01-11,26446.0,524389.4565628208,2369217.7232640088
2023-01-12,26449.8203125,525388.0503477752,2488936.246047646
2023-01-13,26119.51953125,516570.45311692357,2571759.4626555443
2023-01-16,25822.3203125,511987.51149764657,2710263.4311265945
2023-01-17,26138.6796875,512125.25420034304,2715467.329687178
2023-01-18,26791.119140625,503998.12646085024,2653977.6687545776
2023-01-19,26405.23046875,501154.2984138429,2710475.312299013
2023-01-20,26553.529296875,509963.9400922358,2910988.9637863636
2023-01-23,26906.0390625,519978.526021719,2966660.56002903
2023-01-24,27299.189453125,524601.6132635437,2956254.912106991
2023-01-25,27395.009765625,523068.46639100835,3010846.850454569
2023-01-26,27362.75,524757.7810928077,2976687.0343277454
2023-01-27,27382.560546875,528358.7080278322,2995619.031758815
2023-01-30,27433.400390625,521723.5238106251,2965883.456316948
2023-01-31,27327.109375,531910.720066309,3019190.623448372
2023-02-01,27346.880859375,535950.4105317444,3086699.6681907773
2023-02-02,27402.05078125,537609.0355732143,3018998.863424599
2023-02-03,27509.4609375,532555.260654375,3019006.495934546
2023-02-06,27693.650390625,542699.5810737014,3004539.3396077156
2023-02-07,27685.470703125,552242.176574707,3085380.092924148
2023-02-08,27606.4609375,539612.6228668764,3006024.8208602667
2023-02-09,27584.349609375,536256.013595581,2866737.941478014
2023-02-10,27670.98046875,537973.1921180934,2847541.954278171
2023-02-13,27427.3203125,544264.6207170188,2868877.456839323
2023-02-14,27602.76953125,547363.0435270965,2940634.754704714
2023-02-15,27501.859375,551593.4734488279,3232724.1231283545
2023-02-16,27696.439453125,547718.157961864,3163254.1177354157
2023-02-17,27513.130859375,546899.9453571513,3293608.5898373127
2023-02-20,27531.939453125,547850.3803187311,3334728.6089258194
2023-02-21,27473.099609375,536986.6721913964,3282681.9500795603
2023-02-22,27104.3203125,538695.9631084166,3264913.323803425
2023-02-24,27453.48046875,534478.5741254836,3123117.57420364
2023-02-27,27423.9609375,543157.6404819824,3208402.103332579
2023-02-28,27445.560546875,541198.9295688048,3155377.8202711046
2023-03-01,27516.529296875,538764.1375317387,3224160.0762278438
2023-03-02,27498.869140625,542235.9961722046,3197217.730664909
2023-03-03,27927.470703125,553059.2089226805,3057090.167626977
2023-03-06,28237.779296875,550018.3330568969,3047306.9100962877
2023-03-07,28309.16015625,542142.321343571,3021866.2791627645
2023-03-08,28444.189453125,548466.2730789222,2983868.8805237114
2023-03-09,28623.150390625,537695.3815694042,2794335.943957597
2023-03-10,28143.970703125,526701.5965363346,2753439.250809759
2023-03-13,27832.9609375,520450.46964458004,3266182.928374797
2023-03-14,27222.0390625,521712.36804018915,3294048.8842847943
2023-03-15,27229.48046875,523063.71937502176,3276056.099482298
2023-03-16,27010.609375,526436.0673984326,3330242.218696475
2023-03-17,27333.7890625,522354.41437209025,3657474.5507854223
2023-03-20,26945.669921875,522729.48141650856,3673160.9955221415
2023-03-22,27466.609375,521050.1300372593,3614084.9349222183
2023-03-23,27419.609375,517989.1404110156,3716822.223285377
2023-03-24,27385.25,519663.626885321,3597908.912997782
2023-03-27,27476.869140625,520443.8665376939,3551145.684320599
2023-03-28,27518.25,521161.68525998294,3578478.663669169
2023-03-29,27883.779296875,527828.418080546,3714950.001325071
2023-03-30,27782.9296875,537042.8647555411,3716577.6949281693
2023-03-31,28041.48046875,547364.2256683633,3793362.711954832
2023-04-03,28188.150390625,549991.0042202771,3705742.5634919703
2023-04-04,28287.419921875,542505.2758012936,3726610.004768193
2023-04-05,27813.259765625,537823.6013881713,3704982.292745352
2023-04-06,27472.630859375,537486.7147890553,3671931.6694915295
2023-04-07,27518.310546875,540503.9070089161,3676970.155310631
2023-04-10,27633.66015625,542801.0861114636,3917069.7646002173
2023-04-11,27923.369140625,548416.0809637308,4035442.8582906723
2023-04-12,28082.69921875,546659.9378005862,4026396.4344000816
2023-04-13,28156.970703125,551799.7451296523,4045659.9567710757
2023-04-14,28493.470703125,548183.5267731249,4038958.817508936
2023-04-17,28514.779296875,556156.4392854944,3944781.908349663
2023-04-18,28658.830078125,558518.428182587,4086191.1190843284
2023-04-19,28606.759765625,556888.5078695118,3863507.458987713
2023-04-20,28657.5703125,556299.2157445103,3804847.4571736455
2023-04-21,28564.369140625,553875.1576195508,3654996.913231492
2023-04-24,28593.51953125,554202.0146127343,3687322.0104882717
2023-04-25,28620.0703125,545940.4197159559,3795595.913774073
2023-04-26,28416.470703125,542330.4716428369,3800427.754757762
2023-04-27,28457.6796875,551924.485639587,3933718.8886165023
2023-04-28,28856.439453125,557884.7684901953,3925785.755797386
2023-05-01,29123.1796875,568439.1404167861,3831296.6868406236
2023-05-02,29157.94921875,566528.7558317184,3944176.0317850113
2023-05-08,28949.880859375,559469.7229395807,3744238.2164638042
2023-05-09,29242.8203125,556388.6308121681,3735953.714316845
2023-05-10,29122.1796875,559773.0355825871,3736891.951600492
2023-05-11,29126.720703125,553862.4828477204,3620454.9546391964
2023-05-12,29388.30078125,554680.526878506,3605217.6059918106
2023-05-15,29626.33984375,561797.8187302575,3693366.1667474806
2023-05-16,29842.990234375,559131.324688904,3678201.0528869927
2023-05-17,30093.58984375,567380.9633049071,3738018.4563759565
2023-05-18,30573.9296875,577710.4191603214,3692487.5645953715
2023-05-19,30808.349609375,581092.2444239259,3727509.5376849174
2023-05-22,31086.8203125,577291.5994539708,3697206.116070807
2023-05-23,30957.76953125,574875.8684484959,3775445.874112129
2023-05-24,30682.6796875,570364.0956424773,3649953.344639927
2023-05-25,30801.130859375,578202.7220790908,3687685.6699799895
2023-05-26,30916.310546875,588834.5128100216,3741154.924471915
2023-05-29,31233.5390625,592425.9837043583,3908590.593783438
2023-05-30,31328.16015625,590627.4129346386,3890545.522553414
2023-05-31,30887.880859375,584306.837405473,3805090.662216693
2023-06-01,31148.009765625,587257.8476199731,3731382.3062807918
2023-06-02,31524.220703125,594170.2937242836,3780826.1215779185
2023-06-05,32217.4296875,599215.2831370533,3611746.030957103
2023-06-06,32506.779296875,597095.859336108,3796623.199499488
2023-06-07,31913.740234375,595434.2350298241,3675977.8797385395
2023-06-08,31641.26953125,600716.5465723649,3708473.076675743
2023-06-09,32265.169921875,596952.6055320352,3677144.488178253
2023-06-12,32434.0,604721.0470625907,3610057.384414673
2023-06-13,33018.6484375,609302.1312470138,3614626.0528039634
2023-06-14,33502.421875,612936.5350675583,3521901.7260599136
2023-06-15,33485.48828125,619515.8059594035,3580107.1053076386
2023-06-16,33706.078125,618524.3718874454,3692900.706149459
2023-06-19,33370.421875,625575.3017413616,3809275.091257453
2023-06-20,33388.91015625,622753.5638545007,4019642.3184061646
2023-06-21,33575.140625,617024.8171793148,4243908.205427408
2023-06-22,33264.87890625,620861.2652034685,4238211.411640644
2023-06-23,32781.5390625,621941.6457661986,4390372.857842445
2023-06-26,32698.810546875,621363.1279734448,4345148.405771166
2023-06-27,32538.330078125,628126.7504116893,4402524.222442508
2023-06-28,33193.98828125,629751.367411457,4328869.374312699
2023-06-29,33234.140625,634797.5999735445,4395974.097179174
2023-06-30,33189.0390625,644325.9940010011,4412496.500569761
2023-07-03,33753.328125,643378.2399581075,4498927.388218015
2023-07-04,33422.51953125,644207.0003370643,4449945.909135163
2023-07-05,33338.69921875,642147.4895917177,4406428.836446285
2023-07-06,32773.01953125,637426.1979327798,4321570.275014967
2023-07-07,32388.419921875,633233.2972858101,4367799.60121274
2023-07-10,32189.73046875,627074.8196024671,4325211.453082591
2023-07-11,32203.5703125,627254.0740978718,4326648.448022604
2023-07-12,31943.9296875,626630.1198499799,4258416.607090205
2023-07-13,32419.330078125,623806.1990137696,4353609.770507932
2023-07-14,32391.259765625,622085.8419634402,4188376.396148473
2023-07-18,32493.890625,631907.8355033398,4141971.1756896973
2023-07-19,32896.03125,634758.3514260873,4158842.8726082146
2023-07-20,32490.51953125,633058.8312799484,4158906.011785269
2023-07-21,32304.25,634470.6287074685,4183156.5430217683
2023-07-24,32700.939453125,645620.2393798828,4135827.8452148438
2023-07-25,32682.509765625,646396.0830881298,4136318.8687939644
2023-07-26,32668.33984375,643514.4171066284,4136497.0970751047
2023-07-27,32891.16015625,636902.6713421345,4100216.9748340845
2023-07-28,32759.23046875,636306.7767362073,4071387.743035376
2023-07-31,33172.21875,645932.8060153127,4114371.881871581
2023-08-01,33476.578125,651373.9320713282,4223539.207518101
2023-08-02,32707.689453125,645279.3933561891,4167855.611581981
2023-08-03,32159.279296875,645318.91337955,4182588.4901561737
2023-08-04,32192.75,638558.1235551462,4145907.551446706
2023-08-07,32254.560546875,641058.2171178609,4140023.908663273
2023-08-08,32377.2890625,641269.6277550608,4242297.07030046
2023-08-09,32204.330078125,640124.5472378284,4235511.753871888
2023-08-10,32473.650390625,642291.5630046427,4229827.087481111
2023-08-14,32059.91015625,650187.8183817044,4258842.581463486
2023-08-15,32238.890625,645429.0092258379,4242447.748817861
2023-08-16,31766.8203125,641305.7015425563,4179208.7289102674
2023-08-17,31626.0,639527.8373305723,3901903.5109207034
2023-08-18,31450.759765625,636727.9369842857,3795785.2139874995
2023-08-21,31565.640625,639308.5504631102,3795968.0621767044
2023-08-22,31856.7109375,641626.5372597277,3806817.5182828903
2023-08-23,32010.259765625,646606.0936328173,3852755.2453279495
2023-08-24,32287.2109375,633133.9232703298,3784989.1043946147
2023-08-25,31624.279296875,643528.8427801281,3804704.752167523
2023-08-28,32169.990234375,649617.3821722269,3825360.475854397
2023-08-29,32226.970703125,658740.8834702522,4061064.9517960846
2023-08-30,32333.4609375,659116.8884290755,3985073.3940005302
2023-08-31,32619.33984375,658564.6367659569,3788562.198281765
2023-09-01,32710.619140625,656922.6445745155,3753308.996920258
2023-09-04,32939.1796875,659559.8526121974,3770084.222446203
2023-09-05,33036.76171875,658978.9668450952,3777875.945167005
2023-09-06,33241.01953125,658528.7671288624,3797855.3353537023
2023-09-07,32991.078125,657473.4568245336,3875912.999804616
2023-09-08,32606.83984375,656726.4654260874,3816705.788772702
2023-09-11,32467.759765625,660163.726813823,3701753.727443278
2023-09-12,32776.37109375,654462.5260980353,3789183.0337347984
2023-09-13,32706.51953125,657419.5481657907,3859707.860249102
2023-09-14,33168.1015625,663808.4476427361,3910514.5952156484
2023-09-15,33533.08984375,656342.0444123447,3924303.171109557
2023-09-19,33242.58984375,655949.249592498,4016496.8362025023
2023-09-20,33023.78125,650389.8806014657,4008537.217466831
2023-09-21,32571.029296875,642229.9263000488,3940537.843680978
2023-09-22,32402.41015625,637830.9351619408,3924313.7162263095
2023-09-25,32678.619140625,643823.5851479098,3903588.800780833
2023-09-26,32315.05078125,635948.2606823891,3901415.31136322
2023-09-27,32371.900390625,637094.300190717,3927740.6267369688
2023-09-28,31872.51953125,642796.5845226198,4039667.244405508
2023-09-29,31857.619140625,640364.5177610219,4018915.7857581973
2023-10-02,31759.880859375,641285.83225324,4116953.42742759
2023-10-03,31237.939453125,633787.3324408382,4110409.653622359
2023-10-04,30526.880859375,636117.3957252502,4147447.3062345386
2023-10-05,31075.359375,634325.5373658836,4084038.856991887
2023-10-06,30994.669921875,639652.8244552612,4149035.6561993957
2023-10-10,31746.529296875,646444.6811557412,4062827.640328288
2023-10-11,31936.509765625,650537.3798093945,3994128.012147546
2023-10-12,32494.66015625,648248.4359385297,3987726.149298638
2023-10-13,32315.990234375,648258.104962416,4023714.970899582
2023-10-16,31659.029296875,654146.3019598871,4265542.407316536
2023-10-17,32040.2890625,654134.5516265631,4250370.844604731
2023-10-18,32042.25,646150.2076119632,4242424.215235293
2023-10-19,31430.619140625,640596.2947998047,4300561.4121905565
2023-10-20,31259.359375,632787.6479768753,4446565.216841698
2023-10-23,30999.55078125,632049.9816457033,4958964.969678879
2023-10-24,31062.349609375,636170.8003207222,5077397.753563583
2023-10-25,31269.919921875,627404.2508614063,5170385.769886017
2023-10-26,30601.779296875,620989.9754053429,5126844.863173127
2023-10-27,30991.689453125,619112.4639836252,5098881.013207078
2023-10-30,30696.9609375,623910.4398607761,5166142.420155406
2023-10-31,30858.849609375,625341.6509365737,5169347.267590523
2023-11-01,31601.650390625,641162.7970557511,5361444.117435694
2023-11-02,31949.890625,650149.6779730842,5260825.710759759
2023-11-06,32708.48046875,652491.3644852489,5236300.252224803
2023-11-07,32271.8203125,656708.8132950515,5316144.439566612
2023-11-08,32166.48046875,659152.5314481258,5362410.952112198
2023-11-09,32646.4609375,655858.6182339415,5535671.551771164
2023-11-10,32568.109375,668242.1899206638,5647431.819904327
2023-11-13,32585.109375,668213.0115172863,5528975.066615105
2023-11-14,32695.9296875,681754.9342570305,5389140.911399841
2023-11-15,33519.69921875,677615.8819133788,5700459.410093129
2023-11-16,33424.41015625,681713.5305313468,5467143.342265248
2023-11-17,33585.19921875,680285.3953088745,5515303.268006623
2023-11-20,33388.03125,681843.2404947728,5619369.94150275
2023-11-21,33354.140625,673294.933871001,5313408.832637787
2023-11-22,33451.828125,675072.350784108,5545675.742937982
2023-11-24,33625.53125,682236.7924743295,5644274.077640057
2023-11-27,33447.671875,680612.3879334703,5572143.125420511
2023-11-28,33408.390625,676182.5316715986,5616100.212579966
2023-11-29,33321.21875,669221.9741385281,5567583.570590854
2023-11-30,33486.890625,671644.7221725583,5545244.528122187
2023-12-01,33431.51171875,680000.5954960287,5725896.037330627
2023-12-04,33231.26953125,668983.7966330945,6145592.661670446
2023-12-05,32775.8203125,672868.9348017424,6494269.5093996525
2023-12-06,33445.8984375,669594.573795557,6438820.4465174675
2023-12-07,32858.30859375,674925.4818714261,6371987.715758204
2023-12-08,32307.859375,664309.3112055212,6372268.934842944
2023-12-11,32791.80078125,670175.21792458,5979654.569871783
2023-12-12,32843.69921875,678374.9742094129,6055256.055029571
2023-12-13,32926.3515625,683846.0067540407,6231166.972643137
2023-12-14,32686.25,673824.2606438547,6142661.43272084
2023-12-15,32970.55078125,671441.6585095003,5965724.30355227
2023-12-18,32758.98046875,674643.3404004201,6065883.865490556
2023-12-19,33219.390625,680551.3204473108,6032934.208714664
2023-12-20,33675.94140625,676040.9327604622,6281078.9306259155
2023-12-21,33140.46875,681267.7764930725,6296232.132272065
2023-12-22,33169.05078125,675490.3022751212,6250782.308226824
2023-12-25,33254.03125,676783.5041437298,6207981.4552128315
2023-12-26,33305.8515625,679112.6721000671,6047676.643684804
2023-12-27,33681.23828125,681188.6725054979,6188912.569296598
2023-12-28,33539.62109375,676360.9303848818,6027536.223886907
2023-12-29,33464.171875,674597.0330139399,5954118.1651313305
2024-01-04,33288.2890625,670476.543260321,6317684.335405827
2024-01-05,33377.421875,679995.979662329,6393211.994471014
2024-01-09,33763.1796875,686029.9746780396,6654733.128377616
2024-01-10,34441.71875,690864.1150288135,6734356.33591789
2024-01-11,35049.859375,696643.499389559,6757479.203023553
2024-01-12,35577.109375,693875.442622155,6215680.826132596
2024-01-15,35901.7890625,694368.1619371474,6170569.840314388
2024-01-16,35619.1796875,694851.3155252635,6291732.370823383
2024-01-17,35477.75,697829.7203215063,6293684.680924773
2024-01-18,35466.171875,708143.2441492751,6111653.4386460185
2024-01-19,35963.26953125,716911.4133084342,6164851.529938221
2024-01-22,36546.94921875,718450.578724578,5851870.821987867
2024-01-23,36517.5703125,720651.5793534666,5902799.515740514
2024-01-24,36226.48046875,721767.4115644395,5941466.613752723
2024-01-25,36236.46875,722334.0083491802,5893870.880652666
2024-01-26,35751.0703125,722508.8282728568,6177313.949753344
2024-01-29,36026.94140625,730023.5732324645,6412720.749907076
2024-01-30,36065.859375,726275.5190652385,6334135.4989340305
2024-01-31,36286.7109375,714098.596429266,6275356.125672162
2024-02-01,36011.4609375,721190.3074071556,6331966.486867666
2024-02-02,36158.01953125,726193.3930622712,6324612.4652945995
2024-02-05,36354.16015625,734012.2715067118,6334855.154054046
2024-02-06,36160.66015625,736396.741273053,6404105.601203203
2024-02-07,36119.921875,738359.7535952926,6551030.733644962
2024-02-08,36863.28125,740120.51607728,6708527.696476221
2024-02-09,36897.421875,750266.7750826925,7037143.93480742
2024-02-13,37963.96875,740028.3461313844,7431769.397580028
2024-02-14,37703.3203125,753713.4616595507,7811526.773669243
2024-02-15,38157.94140625,757195.7021066844,7819038.106563091
2024-02-16,38487.23828125,750565.1685850844,7821213.773210764
2024-02-19,38470.37890625,751290.9975956976,7771583.758819342
2024-02-20,38363.609375,747669.8737381399,7856848.389635086
2024-02-21,38262.16015625,746966.0578061044,7772714.522699118
2024-02-22,39098.6796875,764860.3416130319,7713958.944531977
2024-02-26,39233.7109375,762954.0991759971,8205512.567829788
2024-02-27,39239.51953125,764601.2472116128,8595115.656585395
2024-02-28,39208.03125,762973.471173048,9406657.924761772
2024-02-29,39166.19140625,767783.6859234571,9219903.919584274
2024-03-01,39910.8203125,771050.0405970216,9372026.858213663
2024-03-04,40109.23046875,770181.2571455985,10256736.510912538
2024-03-05,40097.62890625,764164.1535647213,9599911.459718943
2024-03-06,40090.78125,765964.0775086582,9919259.670255303
2024-03-07,39598.7109375,769833.9349522367,9989899.939270735
2024-03-08,39688.94140625,757629.764866896,10099398.004165173
2024-03-11,38820.48828125,751180.5275806859,10585914.365608692
2024-03-12,38797.51171875,759377.6927089989,10488592.122786045
2024-03-13,38695.96875,762497.9225638881,10788513.427375793
2024-03-14,38807.37890625,760319.01651375,10539636.722846031
2024-03-15,38707.640625,758843.9823284745,10292302.349989533
2024-03-18,39740.44140625,767031.8538917601,10061700.90571642
2024-03-19,40003.6015625,772343.645945102,9233918.507735133
2024-03-21,40815.66015625,790213.0016175732,9873481.690870047
2024-03-22,40888.4296875,793674.4195924699,9670964.695421457
2024-03-25,40414.12109375,789538.190865308,10585117.612918854
2024-03-26,40398.03125,787681.5328828394,10594268.76625812
2024-03-27,40762.73046875,795303.7188079953,10524568.153653145
2024-03-28,40168.0703125,794914.8766935244,10702791.904774904
2024-03-29,40369.44140625,795718.7916170657,10584570.061886787
2024-04-01,39803.08984375,793896.2671725377,10552765.52028954
2024-04-02,39838.91015625,789101.8614470065,9920517.146772146
2024-04-03,39451.8515625,789749.1951279342,9998731.883263588
2024-04-04,39773.140625,780219.2004161477,10384638.60959816
2024-04-05,38992.078125,787375.0223936439,10263292.830576181
2024-04-08,39347.0390625,789150.572540015,10865761.078474998
2024-04-09,39773.12890625,791088.3999390006,10498275.709903479
2024-04-10,39581.80859375,783266.4408630654,10713616.581248403
2024-04-11,39442.62890625,795269.0462848172,10716751.368873358
2024-04-12,39523.55078125,784865.4555358291,10293869.376416326
2024-04-15,39232.80078125,775890.9522137418,9722160.19308865
2024-04-16,38471.19921875,778957.7224900723,9840171.784092665
2024-04-17,37961.80078125,776925.8267281055,9479381.487483025
2024-04-18,38079.69921875,773426.2772703022,9802685.16103059
2024-04-19,37068.3515625,767983.43031203,9870854.444982648
2024-04-22,37438.609375,774839.1960433349,10335778.746080518
2024-04-23,37552.16015625,784987.0448630303,10280709.45776403
2024-04-24,38460.078125,784804.3113015145,9946464.58366263
2024-04-25,37628.48046875,783812.642208159,10011365.52513349
2024-04-26,37934.76171875,793538.4706645459,9920136.582446694
2024-04-30,38405.66015625,787148.8141420633,9478389.144467711
2024-05-01,38274.05078125,791510.5297561511,9187939.243415773
2024-05-02,38236.0703125,788516.200628832,9205754.793940961
2024-05-07,38835.1015625,800135.3124913573,9614335.04761386
2024-05-08,38202.37109375,802781.5507696569,9468711.623957455
2024-05-09,38073.98046875,810367.1447592974,9799162.279164791
2024-05-10,38229.109375,811547.0893615931,9446529.338769555
2024-05-13,38179.4609375,813591.1736934185,9801177.584376812
2024-05-14,38356.05859375,819704.5928693265,9616576.998794317
2024-05-15,38385.73046875,830714.8492486998,10370730.065163016
2024-05-16,38920.26171875,817247.1849808469,10064058.78765136
2024-05-17,38787.37890625,824016.7807120532,10418453.13829422
2024-05-20,39069.6796875,826762.4501042068,11128342.055712461
2024-05-21,38946.9296875,832108.8801493645,10967249.049098969
2024-05-22,38617.1015625,829225.6204627156,10800434.601961851
2024-05-23,39103.21875,825491.5472239852,10644833.805436134
2024-05-24,38646.109375,832697.8844900504,10756748.234105468
2024-05-27,38900.01953125,832151.4342005849,10885923.454987526
2024-05-28,38855.37109375,832225.8564038575,10711920.513213158
2024-05-29,38556.87109375,828291.0868965685,10627465.733851433
2024-05-30,38054.12890625,825153.5377090722,10774869.805522203
2024-05-31,38487.8984375,828321.005705595,10592980.109080315
2024-06-03,38923.03125,830444.757953614,10814735.012933731
2024-06-04,38837.4609375,825851.1787683368,11013934.871957064
2024-06-05,38490.171875,830538.478485629,11026650.914884329
2024-06-06,38703.51171875,834681.6983230859,11033093.895563006
2024-06-07,38683.9296875,832510.3718096316,10796433.034409165
2024-06-10,39038.16015625,840748.7442782968,10901819.08767271
2024-06-11,39134.7890625,844140.1891061291,10573821.735441685
2024-06-12,38876.7109375,851670.8612358347,10721031.470629692
2024-06-13,38720.46875,852010.4853324592,10467403.47872436
2024-06-14,38814.55859375,853456.4926333502,10372191.533591747
2024-06-17,38102.44140625,862285.5192320421,10475280.660477877
2024-06-18,38482.109375,865304.5803740546,10272695.460190594
2024-06-19,38570.76171875,866242.8912688643,10255347.170688152
2024-06-20,38633.01953125,864530.9337647259,10240204.401204586
2024-06-21,38596.46875,868497.5385105908,10186873.02238667
2024-06-24,38804.6484375,870901.9235722721,9636007.23324418
2024-06-25,39173.1484375,873370.6339816153,9869336.129535198
2024-06-26,39667.0703125,874743.9492158443,9710709.915997624
2024-06-27,39341.5390625,880664.0931400955,9895024.841647267
2024-06-28,39583.078125,877428.1272912696,9692661.595390141
2024-07-01,39631.05859375,880980.2687897086,10113323.4755103
2024-07-02,40074.69140625,889771.1489513516,10018429.962742329
2024-07-03,40580.76171875,894250.8690680712,9718328.94628191
2024-07-04,40913.6484375,894898.7247429639,9208793.481960773
2024-07-05,40912.37109375,898310.6440796703,9142927.602085114
2024-07-08,40780.69921875,895211.4967084229,9108993.504992723
2024-07-09,41580.171875,897096.2387637794,9331189.845591068
2024-07-10,41831.98828125,908924.3236558437,9315654.270771265
2024-07-11,42224.01953125,902500.7320976853,9267339.218893528
2024-07-12,41190.6796875,888354.0234197453,9159753.470983684
2024-07-16,41275.078125,896216.7427521497,10294528.572215438
2024-07-17,41097.69140625,884902.5917008668,10153211.257951617
2024-07-18,40126.3515625,863215.0401335955,9959866.79927814
2024-07-19,40063.7890625,865110.7164001465,10483500.647521019
2024-07-22,39599.0,875960.5593152046,10639405.027496338
2024-07-23,39594.390625,871645.6770554483,10343458.794674635
2024-07-24,39154.8515625,845373.1967355609,10182886.735057354
2024-07-25,37869.51171875,830891.433013998,10122523.598490357
2024-07-26,37667.41015625,839047.3416955695,10437880.692854881
2024-07-29,38468.62890625,842144.6394310892,10299555.23939681
2024-07-30,38525.94921875,836303.8250250444,10183900.343688726
2024-07-31,39101.8203125,843089.5010700077,9865420.77917862
2024-08-01,38126.328125,815607.6941938922,9786893.695411682
2024-08-02,35909.69921875,797712.1288399026,9163189.570278466
2024-08-05,31458.419921875,755046.6761944592,7860292.260665238
2024-08-06,34675.4609375,763943.9071970657,8169242.612660229
2024-08-07,35089.62109375,752534.006072998,7964234.1808485985
2024-08-08,34831.1484375,777278.8253408223,9017331.580978036
2024-08-09,35025.0,789166.8200361729,8990105.834574938
2024-08-13,36232.51171875,798763.3869078457,8908514.963983774
2024-08-14,36442.4296875,801757.6252115518,8632674.831582963
2024-08-15,36726.640625,816255.8394528553,8475897.404468358
2024-08-16,38062.671875,828816.294178009,8788296.213447034
2024-08-19,37388.62109375,829774.2014007568,8802412.97291851
2024-08-20,38062.921875,821091.9527674615,8657118.01827848
2024-08-21,37951.80078125,816973.6998301819,8891630.552791893
2024-08-22,38211.01171875,808400.1342800483,8762502.376425862
2024-08-23,38364.26953125,823791.2078456134,9370722.692225575
2024-08-26,38110.21875,808824.9375,9054815.0625
2024-08-27,38288.62109375,813018.1209716052,8599299.642506719
2024-08-28,38371.76171875,805134.1749400645,8498502.669651031
2024-08-29,38362.53125,807663.5455293506,8577612.877059817
2024-08-30,38647.75,818396.6584030762,8565820.92305696
2024-09-02,38700.87109375,826818.407488428,8652943.808667362
2024-09-03,38686.30859375,811215.6939258948,8426394.627807498
2024-09-04,37047.609375,802358.6916399151,8426336.933359861
2024-09-05,36657.08984375,788770.7854501009,8049146.110354066
2024-09-06,36391.46875,775529.5869065523,7735873.958642721
2024-09-09,36215.75,779547.961063832,8124485.054729104
2024-09-10,36159.16015625,786832.0805698633,8253969.598493576
2024-09-11,35619.76953125,789986.0738182515,8156148.337474108
2024-09-12,36833.26953125,797899.3644881845,8288330.388109088
2024-09-13,36581.76171875,796076.1669109911,8570778.060396552
2024-09-17,36203.21875,793292.4913693964,8490838.809705853
2024-09-18,36380.171875,797877.1571861207,8755179.223192334
2024-09-19,37155.328125,815393.6222717538,8982233.045503557
2024-09-20,37723.91015625,814654.8697436154,9027622.353761435
2024-09-24,37940.58984375,823466.6273881495,9236206.218709946
2024-09-25,37870.26171875,818071.4082041681,9027133.209755123
2024-09-26,38925.62890625,831257.3769503087,9430585.361316502
2024-09-27,39829.55859375,832470.762701124,9544646.644557118
2024-09-30,37919.55078125,822784.2064849511,9042376.299995422
2024-10-01,38651.96875,820404.5008277893,8742886.801185966
2024-10-02,37808.76171875,820666.4038428366,8715113.548328042
2024-10-03,38552.05859375,835508.6006659716,8906234.758853078
2024-10-04,38635.62109375,844487.0719272345,9113988.031139612
2024-10-07,39332.73828125,847669.8237983882,9262060.220288038
2024-10-08,38937.5390625,852006.8651537895,9204602.399734497
2024-10-09,39277.9609375,858142.8403504491,8975783.378330708
2024-10-10,39380.890625,862152.2500343621,8990544.640731812
2024-10-11,39605.80078125,864718.1586486474,9285834.31234926
2024-10-15,39910.55078125,870369.9184730351,10034042.717400312
2024-10-16,39180.30078125,871106.460857451,10080988.686878204
2024-10-17,38911.19140625,873743.7723867819,10081398.131695628
2024-10-18,38981.75,880286.991068542,10269660.655876398
2024-10-21,38954.6015625,875755.4408079833,10078231.004930735
2024-10-22,38411.9609375,881219.9804160148,10144964.300482273
2024-10-23,38104.859375,876210.4549831152,10040429.16757822
2024-10-24,38143.2890625,887566.4651417509,10412895.972184539
2024-10-25,37913.921875,881573.9233980328,10115185.85091579
2024-10-28,38605.53125,890719.0098574609,10692531.082792997
2024-10-29,38903.6796875,893480.8456970751,11139252.334928155
2024-10-30,39277.390625,891084.4556699693,11087770.660384297
2024-10-31,39081.25,874097.7617746145,10757247.217188835
2024-11-01,38053.671875,870662.9698403329,10559945.303763866
2024-11-05,38474.8984375,880575.5317175388,10561796.806983948
2024-11-06,39480.671875,897864.1638402343,11454403.611193657
2024-11-07,39381.41015625,921768.8508186042,11713638.454693794
2024-11-08,39500.37109375,918396.779270947,11725235.539207935
2024-11-11,39533.3203125,917630.4770894721,13562812.384060621
2024-11-12,39376.08984375,918422.7956055105,13499457.726712227
2024-11-13,38721.66015625,925668.9184699953,14009293.782509565
2024-11-14,38535.69921875,924673.5368706286,13561247.110453248
2024-11-15,38642.91015625,918564.202112034,14248916.321618915
2024-11-18,38220.8515625,911530.8704379201,14003687.102255821
2024-11-19,38414.4296875,914865.7196424901,14277920.03928423
2024-11-20,38352.33984375,915483.417550914,14596017.7710706
2024-11-21,38026.171875,923804.9024913758,15297291.331155896
2024-11-22,38283.8515625,920579.6658683419,15267221.985999465
2024-11-25,38780.140625,922929.1306958199,14351346.290412903
2024-11-26,38442.0,929607.214066878,14200510.329408288
2024-11-27,38134.96875,917861.2606313825,14683131.201743126
2024-11-28,38349.05859375,907825.3433221579,14475661.870634079
2024-11-29,38208.03125,911938.9721039385,14733647.95153439
2024-12-02,38513.01953125,906455.6457962468,14370016.96225226
2024-12-03,39248.859375,904505.414933145,14353091.12277174
2024-12-04,39276.390625,910825.0234209895,14780414.709443092
2024-12-05,39395.6015625,914711.0749421641,14543804.230945468
2024-12-06,39091.171875,914801.1932843775,15008790.300973177
2024-12-09,39160.5,908109.0927626342,14617830.675126076
2024-12-10,39367.578125,913733.7056681514,14637433.918371797
2024-12-11,39372.23046875,923622.6640262008,15358775.046581268
2024-12-12,39849.140625,921272.5267028809,15231046.046508789
2024-12-13,39470.44140625,923317.679966569,15481364.34155345
2024-12-16,39457.48828125,932085.8280236721,16270578.741977692
2024-12-17,39364.6796875,932314.2625303566,16354780.576879978
2024-12-18,39081.7109375,901799.4160732627,15363579.859723449
2024-12-19,38813.578125,907478.9012745023,15079218.597328663
2024-12-20,38701.8984375,934962.9161433652,15410635.505195022
2024-12-23,39161.33984375,935139.1002354398,14821521.999112725
2024-12-24,39036.8515625,949282.8521872312,15508427.611720562
2024-12-25,39130.4296875,948932.5379753709,15600598.14461565
2024-12-26,39568.05859375,948704.5783855915,15052636.335726738
2024-12-27,40281.16015625,941888.0502316356,14854318.340140104
2024-12-30,39894.5390625,932546.335859187,14625861.742116809
2025-01-06,39307.05078125,941008.8161017746,16075359.338119626
2025-01-07,40083.30078125,932108.0630390719,15288877.59227395
2025-01-08,39981.05859375,936480.1622085571,15039306.255332708
2025-01-09,39605.08984375,936219.8119468689,14630235.231560111
2025-01-10,39190.3984375,920952.0482782423,14967375.656548023
2025-01-14,38474.30078125,919463.7045559287,15190983.599246264
2025-01-15,38444.578125,940383.3183529973,15884735.296949744
2025-01-16,38572.6015625,927739.0662760735,15587515.873188019
2025-01-17,38451.4609375,931617.1520707011,16228804.833883166
2025-01-20,38902.5,937313.9609187841,15945816.668046713
2025-01-21,39027.98046875,939138.4543173909,16479100.840491772
2025-01-22,39646.25,948098.2312651724,16146453.58995974
2025-01-23,39958.87109375,957211.0012273192,16263529.541934013
2025-01-24,39931.98046875,952739.1613510251,16368086.454624653
2025-01-27,39565.80078125,936376.5226752385,15899545.13847065
2025-01-28,39016.87109375,939941.3488164544,15697312.265469074
2025-01-29,39414.78125,939469.0680541471,16131968.38520348
2025-01-30,39513.96875,942063.4256606996,16251777.036583304
2025-01-31,39572.48828125,930827.519040592,15780306.90914905
